{
  "battle_won_mean": [
    0.0
  ],
  "battle_won_mean_T": [
    29
  ],
  "dead_allies_mean": [
    8.0
  ],
  "dead_allies_mean_T": [
    29
  ],
  "dead_enemies_mean": [
    0.0
  ],
  "dead_enemies_mean_T": [
    29
  ],
  "ep_length_mean": [
    29.0
  ],
  "ep_length_mean_T": [
    29
  ],
  "epsilon": [
    1.0
  ],
  "epsilon_T": [
    29
  ],
  "return_mean": [
    {
      "dtype": "float64",
      "py/object": "numpy.float64",
      "value": 1.6875
    }
  ],
  "return_mean_T": [
    29
  ],
  "return_std": [
    {
      "dtype": "float64",
      "py/object": "numpy.float64",
      "value": 0.0
    }
  ],
  "return_std_T": [
    29
  ]
}