{
  "battle_won_mean": [
    0.0
  ],
  "battle_won_mean_T": [
    26
  ],
  "dead_allies_mean": [
    3.0
  ],
  "dead_allies_mean_T": [
    26
  ],
  "dead_enemies_mean": [
    0.0
  ],
  "dead_enemies_mean_T": [
    26
  ],
  "ep_length_mean": [
    26.0
  ],
  "ep_length_mean_T": [
    26
  ],
  "epsilon": [
    1.0
  ],
  "epsilon_T": [
    26
  ],
  "return_mean": [
    {
      "dtype": "float64",
      "py/object": "numpy.float64",
      "value": 0.9863013698630136
    }
  ],
  "return_mean_T": [
    26
  ],
  "return_std": [
    {
      "dtype": "float64",
      "py/object": "numpy.float64",
      "value": 0.0
    }
  ],
  "return_std_T": [
    26
  ],
  "test_battle_won_mean": [
    0.0
  ],
  "test_battle_won_mean_T": [
    26
  ],
  "test_dead_allies_mean": [
    0.0
  ],
  "test_dead_allies_mean_T": [
    26
  ],
  "test_dead_enemies_mean": [
    0.0
  ],
  "test_dead_enemies_mean_T": [
    26
  ],
  "test_ep_length_mean": [
    60.0
  ],
  "test_ep_length_mean_T": [
    26
  ],
  "test_return_mean": [
    {
      "dtype": "float64",
      "py/object": "numpy.float64",
      "value": 0.0
    }
  ],
  "test_return_mean_T": [
    26
  ],
  "test_return_std": [
    {
      "dtype": "float64",
      "py/object": "numpy.float64",
      "value": 0.0
    }
  ],
  "test_return_std_T": [
    26
  ]
}