{
  "artifacts": [],
  "command": "my_main",
  "experiment": {
    "base_dir": "/root/autodl-tmp/CCDG/src",
    "dependencies": [
      "munch==2.5.0",
      "numpy==1.21.2",
      "PyYAML==6.0",
      "sacred==0.8.2",
      "torch==1.7.0+cu110"
    ],
    "mainfile": "main.py",
    "name": "pymarl",
    "repositories": [],
    "sources": [
      [
        "main.py",
        "_sources/main_d6ba77a132749a290e3065d92fa18cf8.py"
      ],
      [
        "run.py",
        "_sources/run_98878974edf625c220e383ff6d2ac930.py"
      ],
      [
        "utils/__init__.py",
        "_sources/__init___d41d8cd98f00b204e9800998ecf8427e.py"
      ],
      [
        "utils/logging.py",
        "_sources/logging_aa14e56e60b01dd7a9ddb8e6cdf36b85.py"
      ]
    ]
  },
  "fail_trace": [
    "Traceback (most recent call last):\n",
    "  File \"/root/miniconda3/lib/python3.8/site-packages/sacred/config/captured_function.py\", line 42, in captured_function\n    result = wrapped(*args, **kwargs)\n",
    "  File \"src/main.py\", line 35, in my_main\n    run(_run, config, _log)\n",
    "  File \"/root/autodl-tmp/CCDG/src/run.py\", line 49, in run\n    run_sequential(args=args, logger=logger)\n",
    "  File \"/root/autodl-tmp/CCDG/src/run.py\", line 184, in run_sequential\n    learner.train(episode_sample, runner.t_env, episode)\n",
    "  File \"/root/autodl-tmp/CCDG/src/learners/q_learner.py\", line 100, in train\n    loss.backward()\n",
    "  File \"/root/miniconda3/lib/python3.8/site-packages/torch/tensor.py\", line 221, in backward\n    torch.autograd.backward(self, gradient, retain_graph, create_graph)\n",
    "  File \"/root/miniconda3/lib/python3.8/site-packages/torch/autograd/__init__.py\", line 130, in backward\n    Variable._execution_engine.run_backward(\n",
    "RuntimeError: one of the variables needed for gradient computation has been modified by an inplace operation: [torch.cuda.FloatTensor [32, 47, 3, 9]], which is output 0 of SliceBackward, is at version 1; expected version 0 instead. Hint: enable anomaly detection to find the operation that failed to compute its gradient, with torch.autograd.set_detect_anomaly(True).\n"
  ],
  "heartbeat": "2023-08-31T16:11:24.982856",
  "host": {
    "ENV": {},
    "cpu": "Intel(R) Xeon(R) Platinum 8255C CPU @ 2.50GHz",
    "gpus": {
      "driver_version": "525.105.17",
      "gpus": [
        {
          "model": "NVIDIA GeForce RTX 2080 Ti",
          "persistence_mode": true,
          "total_memory": 11264
        }
      ]
    },
    "hostname": "autodl-container-15da118152-95dda93e",
    "os": [
      "Linux",
      "Linux-5.4.0-139-generic-x86_64-with-glibc2.17"
    ],
    "python_version": "3.8.10"
  },
  "meta": {
    "command": "my_main",
    "options": {
      "--beat-interval": null,
      "--capture": null,
      "--comment": null,
      "--debug": false,
      "--enforce_clean": false,
      "--file_storage": null,
      "--force": false,
      "--help": false,
      "--loglevel": null,
      "--mongo_db": null,
      "--name": null,
      "--pdb": false,
      "--print-config": false,
      "--priority": null,
      "--queue": false,
      "--s3": null,
      "--sql": null,
      "--tiny_db": null,
      "--unobserved": false,
      "COMMAND": null,
      "UPDATE": [
        "env_args.map_name=3m"
      ],
      "help": false,
      "with": true
    }
  },
  "resources": [],
  "result": null,
  "start_time": "2023-08-31T16:11:06.217432",
  "status": "FAILED",
  "stop_time": "2023-08-31T16:11:24.985840"
}