{
  "artifacts": [],
  "command": "my_main",
  "experiment": {
    "base_dir": "/root/autodl-tmp/smac/CCDG/src",
    "dependencies": [
      "munch==2.5.0",
      "numpy==1.21.2",
      "PyYAML==6.0",
      "sacred==0.8.2",
      "torch==1.7.0+cu110"
    ],
    "mainfile": "main.py",
    "name": "pymarl",
    "repositories": [],
    "sources": [
      [
        "main.py",
        "_sources/main_d6ba77a132749a290e3065d92fa18cf8.py"
      ],
      [
        "run.py",
        "_sources/run_98878974edf625c220e383ff6d2ac930.py"
      ],
      [
        "utils/__init__.py",
        "_sources/__init___d41d8cd98f00b204e9800998ecf8427e.py"
      ],
      [
        "utils/logging.py",
        "_sources/logging_aa14e56e60b01dd7a9ddb8e6cdf36b85.py"
      ]
    ]
  },
  "heartbeat": "2024-02-29T01:43:12.038860",
  "host": {
    "ENV": {},
    "cpu": "Intel(R) Xeon(R) Platinum 8255C CPU @ 2.50GHz",
    "gpus": {
      "driver_version": "515.65.01",
      "gpus": [
        {
          "model": "NVIDIA GeForce RTX 3080",
          "persistence_mode": true,
          "total_memory": 10240
        }
      ]
    },
    "hostname": "autodl-container-3b34119352-1b80ceaa",
    "os": [
      "Linux",
      "Linux-5.4.0-121-generic-x86_64-with-glibc2.17"
    ],
    "python_version": "3.8.10"
  },
  "meta": {
    "command": "my_main",
    "options": {
      "--beat-interval": null,
      "--capture": null,
      "--comment": null,
      "--debug": false,
      "--enforce_clean": false,
      "--file_storage": null,
      "--force": false,
      "--help": false,
      "--loglevel": null,
      "--mongo_db": null,
      "--name": null,
      "--pdb": false,
      "--print-config": false,
      "--priority": null,
      "--queue": false,
      "--s3": null,
      "--sql": null,
      "--tiny_db": null,
      "--unobserved": false,
      "COMMAND": null,
      "UPDATE": [
        "env_args.map_name=8m"
      ],
      "help": false,
      "with": true
    }
  },
  "resources": [],
  "result": null,
  "start_time": "2024-02-28T12:25:56.237467",
  "status": "RUNNING"
}