{
  "artifacts": [],
  "command": "my_main",
  "experiment": {
    "base_dir": "/root/autodl-tmp/smac/CCDG/src",
    "dependencies": [
      "munch==2.5.0",
      "numpy==1.21.2",
      "PyYAML==6.0",
      "sacred==0.8.2",
      "torch==1.7.0+cu110"
    ],
    "mainfile": "main.py",
    "name": "pymarl",
    "repositories": [],
    "sources": [
      [
        "main.py",
        "_sources/main_d6ba77a132749a290e3065d92fa18cf8.py"
      ],
      [
        "run.py",
        "_sources/run_98878974edf625c220e383ff6d2ac930.py"
      ],
      [
        "utils/__init__.py",
        "_sources/__init___d41d8cd98f00b204e9800998ecf8427e.py"
      ],
      [
        "utils/logging.py",
        "_sources/logging_aa14e56e60b01dd7a9ddb8e6cdf36b85.py"
      ]
    ]
  },
  "fail_trace": [
    "Traceback (most recent call last):\n",
    "  File \"/root/miniconda3/lib/python3.8/site-packages/sacred/config/captured_function.py\", line 42, in captured_function\n    result = wrapped(*args, **kwargs)\n",
    "  File \"src/main.py\", line 35, in my_main\n    run(_run, config, _log)\n",
    "  File \"/root/autodl-tmp/smac/CCDG/src/run.py\", line 49, in run\n    run_sequential(args=args, logger=logger)\n",
    "  File \"/root/autodl-tmp/smac/CCDG/src/run.py\", line 197, in run_sequential\n    runner.run(test_mode=True)\n",
    "  File \"/root/autodl-tmp/smac/CCDG/src/runners/parallel_runner.py\", line 100, in run\n    actions = self.mac.select_actions(self.batch, t_ep=self.t, t_env=self.t_env, bs=envs_not_terminated, test_mode=test_mode)\n",
    "  File \"/root/autodl-tmp/smac/CCDG/src/controllers/ccdg_comm_controller.py\", line 49, in select_actions\n    agent_outputs = self.forward(ep_batch, t_ep, test_mode=test_mode, thres=thres, prob=prob)\n",
    "  File \"/root/autodl-tmp/smac/CCDG/src/controllers/ccdg_comm_controller.py\", line 58, in forward\n    (_, _), messages, _ = self._communicate(ep_batch.batch_size, agent_inputs,\n",
    "  File \"/root/autodl-tmp/smac/CCDG/src/controllers/ccdg_comm_controller.py\", line 201, in _communicate\n    result1=message.shape[0]*message.shape[1]*0.5*math.log(2*3.14*2.718*fangCha,2)\n",
    "NameError: name 'fangCha' is not defined\n"
  ],
  "heartbeat": "2024-02-28T12:01:22.806621",
  "host": {
    "ENV": {},
    "cpu": "Intel(R) Xeon(R) Platinum 8255C CPU @ 2.50GHz",
    "hostname": "autodl-container-3b34119352-1b80ceaa",
    "os": [
      "Linux",
      "Linux-5.4.0-121-generic-x86_64-with-glibc2.17"
    ],
    "python_version": "3.8.10"
  },
  "meta": {
    "command": "my_main",
    "options": {
      "--beat-interval": null,
      "--capture": null,
      "--comment": null,
      "--debug": false,
      "--enforce_clean": false,
      "--file_storage": null,
      "--force": false,
      "--help": false,
      "--loglevel": null,
      "--mongo_db": null,
      "--name": null,
      "--pdb": false,
      "--print-config": false,
      "--priority": null,
      "--queue": false,
      "--s3": null,
      "--sql": null,
      "--tiny_db": null,
      "--unobserved": false,
      "COMMAND": null,
      "UPDATE": [
        "env_args.map_name=3m"
      ],
      "help": false,
      "with": true
    }
  },
  "resources": [],
  "result": null,
  "start_time": "2024-02-28T12:01:01.981045",
  "status": "FAILED",
  "stop_time": "2024-02-28T12:01:22.808838"
}